{"loss_pol_surr": -0.024079511361196636, "loss_pol_entpen": 0.0, "loss_vf_loss": 89.63342938423156, "loss_kl": 0.011604872846510262, "loss_ent": 5.670809745788574, "ev_tdlam_before": -0.014179825782775879, "EpThisIter": 393, "EpisodesSoFar": 393, "TimestepsSoFar": 5113, "TimeElapsed": 33.44208216667175, "EpLenMean": 13.6, "EpRewMean": -1.9809999999999999}
{"loss_pol_surr": -0.02297513245139271, "loss_pol_entpen": 0.0, "loss_vf_loss": 62.81669511795044, "loss_kl": 0.012757110979873688, "loss_ent": 5.7012939453125, "ev_tdlam_before": 0.03813725709915161, "EpThisIter": 385, "EpisodesSoFar": 778, "TimestepsSoFar": 10233, "TimeElapsed": 65.23657417297363, "EpLenMean": 13.06, "EpRewMean": -1.973}
{"loss_pol_surr": -0.021978501649573445, "loss_pol_entpen": 0.0, "loss_vf_loss": 50.53887536525726, "loss_kl": 0.012173650856129824, "loss_ent": 5.687563419342041, "ev_tdlam_before": 0.07776689529418945, "EpThisIter": 382, "EpisodesSoFar": 1160, "TimestepsSoFar": 15345, "TimeElapsed": 97.52272891998291, "EpLenMean": 13.5, "EpRewMean": -1.979}
{"loss_pol_surr": -0.02315643890760839, "loss_pol_entpen": 0.0, "loss_vf_loss": 66.16324667930603, "loss_kl": 0.010751296684611588, "loss_ent": 5.664572715759277, "ev_tdlam_before": 0.06425666809082031, "EpThisIter": 375, "EpisodesSoFar": 1535, "TimestepsSoFar": 20471, "TimeElapsed": 198.5424611568451, "EpLenMean": 13.53, "EpRewMean": -1.983}
{"loss_pol_surr": -0.027305977884680033, "loss_pol_entpen": 0.0, "loss_vf_loss": 89.80745825767517, "loss_kl": 0.011866419622674585, "loss_ent": 5.632927894592285, "ev_tdlam_before": 0.11034929752349854, "EpThisIter": 375, "EpisodesSoFar": 1910, "TimestepsSoFar": 25599, "TimeElapsed": 230.5890610218048, "EpLenMean": 13.73, "EpRewMean": -1.985}
{"loss_pol_surr": -0.023404879099689423, "loss_pol_entpen": 0.0, "loss_vf_loss": 103.56104793548585, "loss_kl": 0.011756533198058606, "loss_ent": 5.569052696228027, "ev_tdlam_before": 0.11850237846374512, "EpThisIter": 379, "EpisodesSoFar": 2289, "TimestepsSoFar": 30719, "TimeElapsed": 263.9579939842224, "EpLenMean": 13.64, "EpRewMean": -1.986}
{"loss_pol_surr": -0.022305870431591757, "loss_pol_entpen": 0.0, "loss_vf_loss": 96.4459900379181, "loss_kl": 0.01179489545756951, "loss_ent": 5.541402339935303, "ev_tdlam_before": 0.1241500973701477, "EpThisIter": 387, "EpisodesSoFar": 2676, "TimestepsSoFar": 35836, "TimeElapsed": 423.13879919052124, "EpLenMean": 13.05, "EpRewMean": -1.983}
{"loss_pol_surr": -0.025756523187737912, "loss_pol_entpen": 0.0, "loss_vf_loss": 4.943802770972252, "loss_kl": 0.01417914666235447, "loss_ent": 5.542380332946777, "ev_tdlam_before": 0.2772647738456726, "EpThisIter": 379, "EpisodesSoFar": 3055, "TimestepsSoFar": 40959, "TimeElapsed": 524.5111260414124, "EpLenMean": 13.91, "EpRewMean": -1.98}
{"loss_pol_surr": -0.02563879075460136, "loss_pol_entpen": 0.0, "loss_vf_loss": 5.1626232922077175, "loss_kl": 0.014155462151393294, "loss_ent": 5.5420074462890625, "ev_tdlam_before": 0.3208490014076233, "EpThisIter": 385, "EpisodesSoFar": 3440, "TimestepsSoFar": 46075, "TimeElapsed": 559.4276752471924, "EpLenMean": 13.38, "EpRewMean": -1.9820000000000002}
{"loss_pol_surr": -0.028654825314879416, "loss_pol_entpen": 0.0, "loss_vf_loss": 5.449893426895142, "loss_kl": 0.021412549633532764, "loss_ent": 5.5146708488464355, "ev_tdlam_before": 0.34243690967559814, "EpThisIter": 385, "EpisodesSoFar": 3825, "TimestepsSoFar": 51198, "TimeElapsed": 593.9427618980408, "EpLenMean": 13.37, "EpRewMean": -1.985}
{"loss_pol_surr": -0.026827229477930814, "loss_pol_entpen": 0.0, "loss_vf_loss": 5.665048605203628, "loss_kl": 0.015522199869155883, "loss_ent": 5.515085697174072, "ev_tdlam_before": 0.36227041482925415, "EpThisIter": 374, "EpisodesSoFar": 4199, "TimestepsSoFar": 56315, "TimeElapsed": 670.4756391048431, "EpLenMean": 13.24, "EpRewMean": -1.979}
{"loss_pol_surr": -0.028874048427678645, "loss_pol_entpen": 0.0, "loss_vf_loss": 4.485186758637428, "loss_kl": 0.022004704573191702, "loss_ent": 5.529820919036865, "ev_tdlam_before": 0.40470826625823975, "EpThisIter": 387, "EpisodesSoFar": 4586, "TimestepsSoFar": 61434, "TimeElapsed": 705.0438830852509, "EpLenMean": 13.48, "EpRewMean": -1.9739999999999998}
{"loss_pol_surr": -0.02150505256722681, "loss_pol_entpen": 0.0, "loss_vf_loss": 7.893537163734436, "loss_kl": 0.016217919217888267, "loss_ent": 5.508925437927246, "ev_tdlam_before": 0.4098307490348816, "EpThisIter": 363, "EpisodesSoFar": 4949, "TimestepsSoFar": 66558, "TimeElapsed": 739.1619372367859, "EpLenMean": 13.79, "EpRewMean": -1.9809999999999997}
{"loss_pol_surr": -0.026714307209476828, "loss_pol_entpen": 0.0, "loss_vf_loss": 9.549357289075852, "loss_kl": 0.019555793353356422, "loss_ent": 5.517058849334717, "ev_tdlam_before": 0.42781519889831543, "EpThisIter": 359, "EpisodesSoFar": 5308, "TimestepsSoFar": 71668, "TimeElapsed": 772.2269990444183, "EpLenMean": 14.05, "EpRewMean": -1.9810000000000003}
{"loss_pol_surr": -0.028628743533045054, "loss_pol_entpen": 0.0, "loss_vf_loss": 7.8605847418308255, "loss_kl": 0.014812753582373262, "loss_ent": 5.4677958488464355, "ev_tdlam_before": 0.47202587127685547, "EpThisIter": 347, "EpisodesSoFar": 5655, "TimestepsSoFar": 76797, "TimeElapsed": 805.9993810653687, "EpLenMean": 14.77, "EpRewMean": -1.979}
{"loss_pol_surr": -0.027240418083965778, "loss_pol_entpen": 0.0, "loss_vf_loss": 7.682791954278946, "loss_kl": 0.018141632911283522, "loss_ent": 5.446082592010498, "ev_tdlam_before": 0.518644392490387, "EpThisIter": 352, "EpisodesSoFar": 6007, "TimestepsSoFar": 81915, "TimeElapsed": 840.3218369483948, "EpLenMean": 14.47, "EpRewMean": -1.982}
{"loss_pol_surr": -0.02663419598247856, "loss_pol_entpen": 0.0, "loss_vf_loss": 8.981726384162902, "loss_kl": 0.012781031045597047, "loss_ent": 5.436892032623291, "ev_tdlam_before": 0.5201623439788818, "EpThisIter": 329, "EpisodesSoFar": 6336, "TimestepsSoFar": 87036, "TimeElapsed": 889.4275319576263, "EpLenMean": 15.64, "EpRewMean": -1.982}
{"loss_pol_surr": -0.02925032051280141, "loss_pol_entpen": 0.0, "loss_vf_loss": 12.228290128707886, "loss_kl": 0.017301844235043974, "loss_ent": 5.415944576263428, "ev_tdlam_before": 0.5170994400978088, "EpThisIter": 329, "EpisodesSoFar": 6665, "TimestepsSoFar": 92154, "TimeElapsed": 922.8500180244446, "EpLenMean": 15.16, "EpRewMean": -1.9869999999999999}
{"loss_pol_surr": -0.02837657800409943, "loss_pol_entpen": 0.0, "loss_vf_loss": 14.119550621509552, "loss_kl": 0.020429623988457025, "loss_ent": 5.369706153869629, "ev_tdlam_before": 0.5080215334892273, "EpThisIter": 313, "EpisodesSoFar": 6978, "TimestepsSoFar": 97273, "TimeElapsed": 970.4353330135345, "EpLenMean": 16.44, "EpRewMean": -1.9829999999999999}
{"loss_pol_surr": -0.02731229637283832, "loss_pol_entpen": 0.0, "loss_vf_loss": 20.807415640354158, "loss_kl": 0.011766518198419363, "loss_ent": 5.327282905578613, "ev_tdlam_before": 0.49943429231643677, "EpThisIter": 297, "EpisodesSoFar": 7275, "TimestepsSoFar": 102389, "TimeElapsed": 1003.4599568843842, "EpLenMean": 17.27, "EpRewMean": -1.9750000000000003}
{"loss_pol_surr": -0.02979954701149836, "loss_pol_entpen": 0.0, "loss_vf_loss": 26.385276556015015, "loss_kl": 0.012758633098565042, "loss_ent": 5.2796220779418945, "ev_tdlam_before": 0.4850590229034424, "EpThisIter": 275, "EpisodesSoFar": 7550, "TimestepsSoFar": 107504, "TimeElapsed": 1070.9962480068207, "EpLenMean": 18.63, "EpRewMean": -1.9709999999999999}
{"loss_pol_surr": -0.02625045843888074, "loss_pol_entpen": 0.0, "loss_vf_loss": 27.734250450134276, "loss_kl": 0.016295259888283908, "loss_ent": 5.271939277648926, "ev_tdlam_before": 0.49045777320861816, "EpThisIter": 278, "EpisodesSoFar": 7828, "TimestepsSoFar": 112626, "TimeElapsed": 1109.8274371623993, "EpLenMean": 18.46, "EpRewMean": -1.9769999999999999}
{"loss_pol_surr": -0.030738215055316688, "loss_pol_entpen": 0.0, "loss_vf_loss": 12.665017235279084, "loss_kl": 0.01504128349479288, "loss_ent": 5.226424694061279, "ev_tdlam_before": 0.49505650997161865, "EpThisIter": 267, "EpisodesSoFar": 8095,